activity_id,ts,source,source_id,customer,activity,feature_1,feature_2,feature_3,revenue_impact,link
10279,1996-08-13 00:00:00+05,,,Lehmanns Marktstand,completed_order,Germany,,,351.00000858306885,
10280,1996-08-14 00:00:00+05,,,Berglunds snabbköp,completed_order,Sweden,,,613.200008392334,
10281,1996-08-14 00:00:00+05,,,Romero y tomillo,completed_order,Spain,,,86.49999809265137,
10282,1996-08-15 00:00:00+05,,,Romero y tomillo,completed_order,Spain,,,155.40000534057617,
10283,1996-08-16 00:00:00+05,,,LILA-Supermercado,completed_order,Venezuela,,,1414.8000202178955,
10284,1996-08-19 00:00:00+05,,,Lehmanns Marktstand,completed_order,Germany,,,1170.3749935626984,
10285,1996-08-20 00:00:00+05,,,QUICK-Stop,completed_order,Germany,,,1743.3599956417083,
10286,1996-08-21 00:00:00+05,,,QUICK-Stop,completed_order,Germany,,,3016.0000228881836,
10287,1996-08-22 00:00:00+05,,,Ricardo Adocicados,completed_order,Brazil,,,818.9999839067459,
10288,1996-08-23 00:00:00+05,,,Reggiani Caseifici,completed_order,Italy,,,80.10000072568656,
10289,1996-08-26 00:00:00+05,,,B's Beverages,completed_order,UK,,,479.40000343322754,
10290,1996-08-27 00:00:00+05,,,Comércio Mineiro,completed_order,Brazil,,,2168.9999961853027,
10291,1996-08-27 00:00:00+05,,,Que Delícia,completed_order,Brazil,,,497.5200053560734,
10292,1996-08-28 00:00:00+05,,,Tradição Hipermercados,completed_order,Brazil,,,1296.0000610351562,
10293,1996-08-29 00:00:00+05,,,Tortuga Restaurante,completed_order,Mexico,,,848.699990272522,
10294,1996-08-30 00:00:00+05,,,Rattlesnake Canyon Grocery,completed_order,USA,,,1887.6000080108643,
10295,1996-09-02 00:00:00+05,,,Vins et alcools Chevalier,completed_order,France,,,121.5999984741211,
10296,1996-09-03 00:00:00+05,,,LILA-Supermercado,completed_order,Venezuela,,,1050.599967956543,
10297,1996-09-04 00:00:00+05,,,Blondesddsl père et fils,completed_order,France,,,1419.9999618530273,
10298,1996-09-05 00:00:00+05,,,Hungry Owl All-Night Grocers,completed_order,Ireland,,,2645.000009536743,
10299,1996-09-06 00:00:00+05,,,Ricardo Adocicados,completed_order,Brazil,,,349.50000286102295,
10300,1996-09-09 00:00:00+05,,,Magazzini Alimentari Riuniti,completed_order,Italy,,,608.0000114440918,
10301,1996-09-09 00:00:00+05,,,Die Wandernde Kuh,completed_order,Germany,,,754.9999904632568,
10302,1996-09-10 00:00:00+05,,,Suprêmes délices,completed_order,Belgium,,,2708.800064086914,
10303,1996-09-11 00:00:00+05,,,Godos Cocina Típica,completed_order,Spain,,,1117.7999706834555,
10304,1996-09-12 00:00:00+05,,,Tortuga Restaurante,completed_order,Mexico,,,954.4000015258789,
10305,1996-09-13 00:00:00+05,,,Old World Delicatessen,completed_order,USA,,,3741.2999835059045,
10306,1996-09-16 00:00:00+05,,,Romero y tomillo,completed_order,Spain,,,498.5000157356262,
10307,1996-09-17 00:00:00+05,,,Lonesome Pine Restaurant,completed_order,USA,,,424.00001525878906,
10308,1996-09-18 00:00:00+05,,,Ana Trujillo Emparedados y helados,completed_order,Mexico,,,88.79999923706055,
10309,1996-09-19 00:00:00+05,,,Hungry Owl All-Night Grocers,completed_order,Ireland,,,1761.999994277954,
10310,1996-09-20 00:00:00+05,,,The Big Cheese,completed_order,USA,,,336.00000381469727,
10311,1996-09-20 00:00:00+05,,,Du monde entier,completed_order,France,,,268.79999351501465,
10312,1996-09-23 00:00:00+05,,,Die Wandernde Kuh,completed_order,Germany,,,1614.8000011444092,
10313,1996-09-24 00:00:00+05,,,QUICK-Stop,completed_order,Germany,,,182.39999771118164,
10314,1996-09-25 00:00:00+05,,,Rattlesnake Canyon Grocery,completed_order,USA,,,2094.3000548973678,
10315,1996-09-26 00:00:00+05,,,Island Trading,completed_order,UK,,,516.7999973297119,
10316,1996-09-27 00:00:00+05,,,Rattlesnake Canyon Grocery,completed_order,USA,,,2835.000104904175,
10317,1996-09-30 00:00:00+05,,,Lonesome Pine Restaurant,completed_order,USA,,,287.99999237060547,
10318,1996-10-01 00:00:00+05,,,Island Trading,completed_order,UK,,,240.39999389648438,
10319,1996-10-02 00:00:00+05,,,Tortuga Restaurante,completed_order,Mexico,,,1191.2000160217285,
10320,1996-10-03 00:00:00+05,,,Wartian Herkku,completed_order,Finland,,,516.0000228881836,
10321,1996-10-03 00:00:00+05,,,Island Trading,completed_order,UK,,,143.99999618530273,
10322,1996-10-04 00:00:00+05,,,Pericles Comidas clásicas,completed_order,Mexico,,,111.99999809265137,
10323,1996-10-07 00:00:00+05,,,Königlich Essen,completed_order,Germany,,,164.399995803833,
10324,1996-10-08 00:00:00+05,,,Save-a-lot Markets,completed_order,USA,,,5275.714843202234,
10325,1996-10-09 00:00:00+05,,,Königlich Essen,completed_order,Germany,,,1496.9999752044678,
10326,1996-10-10 00:00:00+05,,,Bólido Comidas preparadas,completed_order,Spain,,,982.0000057220459,
10327,1996-10-11 00:00:00+05,,,Folk och fä HB,completed_order,Sweden,,,1809.9999894425273,
10328,1996-10-14 00:00:00+05,,,Furia Bacalhau e Frutos do Mar,completed_order,Portugal,,,1167.9999694824219,
10329,1996-10-15 00:00:00+05,,,Split Rail Beer & Ale,completed_order,USA,,,4578.430057654232,
10330,1996-10-16 00:00:00+05,,,LILA-Supermercado,completed_order,Venezuela,,,1648.9999560117722,
10331,1996-10-16 00:00:00+05,,,Bon app',completed_order,France,,,88.50000143051147,
10332,1996-10-17 00:00:00+05,,,Mère Paillarde,completed_order,Canada,,,1786.8799905967712,
10333,1996-10-18 00:00:00+05,,,Wartian Herkku,completed_order,Finland,,,877.2000301361084,
10334,1996-10-21 00:00:00+05,,,Victuailles en stock,completed_order,France,,,144.79999923706055,
10335,1996-10-22 00:00:00+05,,,Hungry Owl All-Night Grocers,completed_order,Ireland,,,2036.160051771402,
10336,1996-10-23 00:00:00+05,,,Princesa Isabel Vinhos,completed_order,Portugal,,,285.1200057077408,
10337,1996-10-24 00:00:00+05,,,Frankenversand,completed_order,Germany,,,2466.9999389648438,
10338,1996-10-25 00:00:00+05,,,Old World Delicatessen,completed_order,USA,,,934.5000267028809,
10339,1996-10-28 00:00:00+05,,,Mère Paillarde,completed_order,Canada,,,3354.0000956475733,
10340,1996-10-29 00:00:00+05,,,Bon app',completed_order,France,,,2436.1799669232964,
10341,1996-10-29 00:00:00+05,,,Simons bistro,completed_order,Denmark,,,352.59999763965607,
10342,1996-10-30 00:00:00+05,,,Frankenversand,completed_order,Germany,,,1840.640007791519,
10343,1996-10-31 00:00:00+05,,,Lehmanns Marktstand,completed_order,Germany,,,1584.000013321638,
10344,1996-11-01 00:00:00+05,,,White Clover Markets,completed_order,USA,,,2296.0000133514404,
10345,1996-11-04 00:00:00+05,,,QUICK-Stop,completed_order,Germany,,,2924.8000135421753,
10346,1996-11-05 00:00:00+05,,,Rattlesnake Canyon Grocery,completed_order,USA,,,1618.8800154161454,
10347,1996-11-06 00:00:00+05,,,Familia Arquibaldo,completed_order,Brazil,,,814.4199756312371,
10348,1996-11-07 00:00:00+05,,,Die Wandernde Kuh,completed_order,Germany,,,363.5999890804291,
10349,1996-11-08 00:00:00+05,,,Split Rail Beer & Ale,completed_order,USA,,,141.60000228881836,
10350,1996-11-11 00:00:00+05,,,La maison d'Asie,completed_order,France,,,642.059986577332,
10351,1996-11-11 00:00:00+05,,,Ernst Handel,completed_order,Austria,,,5398.725044100359,
10352,1996-11-12 00:00:00+05,,,Furia Bacalhau e Frutos do Mar,completed_order,Portugal,,,136.2999999642372,
10353,1996-11-13 00:00:00+05,,,Piccolo und mehr,completed_order,Austria,,,8593.28008273363,
10354,1996-11-14 00:00:00+05,,,Pericles Comidas clásicas,completed_order,Mexico,,,568.7999954223633,
10355,1996-11-15 00:00:00+05,,,Around the Horn,completed_order,UK,,,480.0000071525574,
10356,1996-11-18 00:00:00+05,,,Die Wandernde Kuh,completed_order,Germany,,,1106.3999938964844,
10357,1996-11-19 00:00:00+05,,,LILA-Supermercado,completed_order,Venezuela,,,1167.6799776029588,
10358,1996-11-20 00:00:00+05,,,La maison d'Asie,completed_order,France,,,429.3999933212995,
10359,1996-11-21 00:00:00+05,,,Seven Seas Imports,completed_order,UK,,,3471.680034966469,
10360,1996-11-22 00:00:00+05,,,Blondesddsl père et fils,completed_order,France,,,7390.200078964233,
10361,1996-11-22 00:00:00+05,,,QUICK-Stop,completed_order,Germany,,,2046.240015838146,
10362,1996-11-25 00:00:00+05,,,Bon app',completed_order,France,,,1549.6000232696533,
10363,1996-11-26 00:00:00+05,,,Drachenblut Delikatessen,completed_order,Germany,,,447.1999931335449,
10364,1996-11-26 00:00:00+05,,,Eastern Connection,completed_order,UK,,,949.9999809265137,
10365,1996-11-27 00:00:00+05,,,Antonio Moreno Taquería,completed_order,Mexico,,,403.1999816894531,
10366,1996-11-28 00:00:00+05,,,Galería del gastrónomo,completed_order,Spain,,,135.9999942779541,
10367,1996-11-28 00:00:00+05,,,Vaffeljernet,completed_order,Denmark,,,834.1999807357788,
10368,1996-11-29 00:00:00+05,,,Ernst Handel,completed_order,Austria,,,1689.7800372537972,
10369,1996-12-02 00:00:00+05,,,Split Rail Beer & Ale,completed_order,USA,,,2390.3999948501587,
10370,1996-12-03 00:00:00+05,,,Chop-suey Chinese,completed_order,Switzerland,,,1117.6000043392182,
10371,1996-12-03 00:00:00+05,,,La maison d'Asie,completed_order,France,,,72.95999881267548,
10372,1996-12-04 00:00:00+05,,,Queen Cozinha,completed_order,Brazil,,,9210.900135040283,
10373,1996-12-05 00:00:00+05,,,Hungry Owl All-Night Grocers,completed_order,Ireland,,,1366.4000498414039,
10374,1996-12-05 00:00:00+05,,,Wolski  Zajazd,completed_order,Poland,,,459.0000057220459,
10375,1996-12-06 00:00:00+05,,,Hungry Coyote Import Store,completed_order,USA,,,338.0000066757202,
10376,1996-12-09 00:00:00+05,,,Mère Paillarde,completed_order,Canada,,,398.9999996870756,
10377,1996-12-09 00:00:00+05,,,Seven Seas Imports,completed_order,UK,,,863.600013399124,
10378,1996-12-10 00:00:00+05,,,Folk och fä HB,completed_order,Sweden,,,103.20000457763672,
10379,1996-12-11 00:00:00+05,,,Que Delícia,completed_order,Brazil,,,863.2799614918232,
10380,1996-12-12 00:00:00+05,,,Hungry Owl All-Night Grocers,completed_order,Ireland,,,1313.8200286331771,
10381,1996-12-12 00:00:00+05,,,LILA-Supermercado,completed_order,Venezuela,,,112,
10382,1996-12-13 00:00:00+05,,,Ernst Handel,completed_order,Austria,,,2900,
10383,1996-12-16 00:00:00+05,,,Around the Horn,completed_order,UK,,,898.9999961853027,
10384,1996-12-16 00:00:00+05,,,Berglunds snabbköp,completed_order,Sweden,,,2222.4000968933105,
10385,1996-12-17 00:00:00+05,,,Split Rail Beer & Ale,completed_order,USA,,,691.2000096321106,
10386,1996-12-18 00:00:00+05,,,Familia Arquibaldo,completed_order,Brazil,,,165.9999966621399,
10387,1996-12-18 00:00:00+05,,,Santé Gourmet,completed_order,Norway,,,1058.4000191688538,
10388,1996-12-19 00:00:00+05,,,Seven Seas Imports,completed_order,UK,,,1228.8000271737576,
10389,1996-12-20 00:00:00+05,,,Bottom-Dollar Markets,completed_order,Canada,,,1832.8000297546387,
10390,1996-12-23 00:00:00+05,,,Ernst Handel,completed_order,Austria,,,2090.879984207153,
10391,1996-12-23 00:00:00+05,,,Drachenblut Delikatessen,completed_order,Germany,,,86.40000343322754,
10392,1996-12-24 00:00:00+05,,,Piccolo und mehr,completed_order,Austria,,,1439.9999618530273,
10393,1996-12-25 00:00:00+05,,,Save-a-lot Markets,completed_order,USA,,,2556.949987411499,
10394,1996-12-25 00:00:00+05,,,Hungry Coyote Import Store,completed_order,USA,,,442.0000171661377,
10395,1996-12-26 00:00:00+05,,,HILARION-Abastos,completed_order,Venezuela,,,2122.9200484412904,
10396,1996-12-27 00:00:00+05,,,Frankenversand,completed_order,Germany,,,1903.8000221252441,
10397,1996-12-27 00:00:00+05,,,Princesa Isabel Vinhos,completed_order,Portugal,,,716.7200183200835,
10398,1996-12-30 00:00:00+05,,,Save-a-lot Markets,completed_order,USA,,,2505.6000675201412,
10399,1996-12-31 00:00:00+05,,,Vaffeljernet,completed_order,Denmark,,,1765.600004196167,
10400,1997-01-01 00:00:00+05,,,Eastern Connection,completed_order,UK,,,3062.9999866485596,
10401,1997-01-01 00:00:00+05,,,Rattlesnake Canyon Grocery,completed_order,USA,,,3868.6000175476074,
10402,1997-01-02 00:00:00+05,,,Ernst Handel,completed_order,Austria,,,2713.4998893737793,
10403,1997-01-03 00:00:00+05,,,Ernst Handel,completed_order,Austria,,,855.0149758464099,
10404,1997-01-03 00:00:00+05,,,Magazzini Alimentari Riuniti,completed_order,Italy,,,1591.2499806322157,
10405,1997-01-06 00:00:00+05,,,LINO-Delicateses,completed_order,Venezuela,,,400,
10406,1997-01-07 00:00:00+05,,,Queen Cozinha,completed_order,Brazil,,,1830.7800498691201,
10407,1997-01-07 00:00:00+05,,,Ottilies Käseladen,completed_order,Germany,,,1193.9999771118164,
10408,1997-01-08 00:00:00+05,,,Folies gourmandes,completed_order,France,,,1622.4000463485718,
10409,1997-01-09 00:00:00+05,,,Océano Atlántico Ltda.,completed_order,Argentina,,,319.2000045776367,
10410,1997-01-10 00:00:00+05,,,Bottom-Dollar Markets,completed_order,Canada,,,802,
10411,1997-01-10 00:00:00+05,,,Bottom-Dollar Markets,completed_order,Canada,,,966.7999925836921,
10412,1997-01-13 00:00:00+05,,,Wartian Herkku,completed_order,Finland,,,334.80000631213187,
10413,1997-01-14 00:00:00+05,,,La maison d'Asie,completed_order,France,,,2123.2000465393066,
10414,1997-01-14 00:00:00+05,,,Familia Arquibaldo,completed_order,Brazil,,,224.83000316366554,
10415,1997-01-15 00:00:00+05,,,Hungry Coyote Import Store,completed_order,USA,,,102.4000015258789,
10416,1997-01-16 00:00:00+05,,,Wartian Herkku,completed_order,Finland,,,720.0000190734863,
10417,1997-01-16 00:00:00+05,,,Simons bistro,completed_order,Denmark,,,11188.400139808655,
10418,1997-01-17 00:00:00+05,,,QUICK-Stop,completed_order,Germany,,,1814.7999711036682,
10419,1997-01-20 00:00:00+05,,,Richter Supermarkt,completed_order,Switzerland,,,2097.6000273466107,
10420,1997-01-21 00:00:00+05,,,Wellington Importadora,completed_order,Brazil,,,1707.839970049858,
10421,1997-01-21 00:00:00+05,,,Que Delícia,completed_order,Brazil,,,1194.2699925529955,
10422,1997-01-22 00:00:00+05,,,Franchi S.p.A.,completed_order,Italy,,,49.79999923706055,
10423,1997-01-23 00:00:00+05,,,Gourmet Lanchonetes,completed_order,Brazil,,,1020,
10424,1997-01-23 00:00:00+05,,,Mère Paillarde,completed_order,Canada,,,9194.560067065953,
10425,1997-01-24 00:00:00+05,,,La maison d'Asie,completed_order,France,,,360,
10426,1997-01-27 00:00:00+05,,,Galería del gastrónomo,completed_order,Spain,,,338.20000076293945,
10427,1997-01-27 00:00:00+05,,,Piccolo und mehr,completed_order,Austria,,,651.0000133514404,
10428,1997-01-28 00:00:00+05,,,Reggiani Caseifici,completed_order,Italy,,,192.00000762939453,
10429,1997-01-29 00:00:00+05,,,Hungry Owl All-Night Grocers,completed_order,Ireland,,,1441.3749599456787,
10430,1997-01-30 00:00:00+05,,,Ernst Handel,completed_order,Austria,,,4899.200002658367,
10431,1997-01-30 00:00:00+05,,,Bottom-Dollar Markets,completed_order,Canada,,,1892.250019311905,
10432,1997-01-31 00:00:00+05,,,Split Rail Beer & Ale,completed_order,USA,,,485,
10433,1997-02-03 00:00:00+05,,,Princesa Isabel Vinhos,completed_order,Portugal,,,851.1999893188477,
10434,1997-02-03 00:00:00+05,,,Folk och fä HB,completed_order,Sweden,,,321.1199880409241,
10435,1997-02-04 00:00:00+05,,,Consolidated Holdings,completed_order,UK,,,631.5999813079834,
10436,1997-02-05 00:00:00+05,,,Blondesddsl père et fils,completed_order,France,,,1994.5199911314248,
10437,1997-02-05 00:00:00+05,,,Wartian Herkku,completed_order,Finland,,,393.0000114440918,
10438,1997-02-06 00:00:00+05,,,Toms Spezialitäten,completed_order,Germany,,,454.00000212341547,
10439,1997-02-07 00:00:00+05,,,Mère Paillarde,completed_order,Canada,,,1077.9999904632568,
10440,1997-02-10 00:00:00+05,,,Save-a-lot Markets,completed_order,USA,,,4924.134883921743,
10441,1997-02-10 00:00:00+05,,,Old World Delicatessen,completed_order,USA,,,1754.9999237060547,
10442,1997-02-11 00:00:00+05,,,Ernst Handel,completed_order,Austria,,,1792.0000076293945,
10443,1997-02-12 00:00:00+05,,,Reggiani Caseifici,completed_order,Italy,,,517.4400143480301,
10444,1997-02-12 00:00:00+05,,,Berglunds snabbköp,completed_order,Sweden,,,1031.699993133545,
10445,1997-02-13 00:00:00+05,,,Berglunds snabbköp,completed_order,Sweden,,,174.89999914169312,
10446,1997-02-14 00:00:00+05,,,Toms Spezialitäten,completed_order,Germany,,,246.23999864816668,
10447,1997-02-14 00:00:00+05,,,Ricardo Adocicados,completed_order,Brazil,,,914.3999824523926,
10448,1997-02-17 00:00:00+05,,,Rancho grande,completed_order,Argentina,,,443.3999938964844,
10449,1997-02-18 00:00:00+05,,,Blondesddsl père et fils,completed_order,France,,,1838.2000408172607,
10450,1997-02-19 00:00:00+05,,,Victuailles en stock,completed_order,France,,,425.11998666703704,
10451,1997-02-19 00:00:00+05,,,QUICK-Stop,completed_order,Germany,,,3849.660049931109,
10452,1997-02-20 00:00:00+05,,,Save-a-lot Markets,completed_order,USA,,,2018.5000217333436,
10453,1997-02-21 00:00:00+05,,,Around the Horn,completed_order,UK,,,407.69999675005675,
10454,1997-02-21 00:00:00+05,,,La maison d'Asie,completed_order,France,,,331.19999571442605,
10455,1997-02-24 00:00:00+05,,,Wartian Herkku,completed_order,Finland,,,2684.0000343322754,
10456,1997-02-25 00:00:00+05,,,Königlich Essen,completed_order,Germany,,,557.5999960899353,
10457,1997-02-25 00:00:00+05,,,Königlich Essen,completed_order,Germany,,,1584,
10458,1997-02-26 00:00:00+05,,,Suprêmes délices,completed_order,Belgium,,,3891.000051498413,
10459,1997-02-27 00:00:00+05,,,Victuailles en stock,completed_order,France,,,1659.1999763011931,
10460,1997-02-28 00:00:00+05,,,Folk och fä HB,completed_order,Sweden,,,176.0999994277954,
10461,1997-02-28 00:00:00+05,,,LILA-Supermercado,completed_order,Venezuela,,,1538.700050354004,
10462,1997-03-03 00:00:00+05,,,Consolidated Holdings,completed_order,UK,,,155.99999618530273,
10463,1997-03-04 00:00:00+05,,,Suprêmes délices,completed_order,Belgium,,,713.299994468689,
10464,1997-03-04 00:00:00+05,,,Furia Bacalhau e Frutos do Mar,completed_order,Portugal,,,1609.2800051403046,
10465,1997-03-05 00:00:00+05,,,Vaffeljernet,completed_order,Denmark,,,2517.999988231063,
10466,1997-03-06 00:00:00+05,,,Comércio Mineiro,completed_order,Brazil,,,215.9999942779541,
10467,1997-03-06 00:00:00+05,,,Magazzini Alimentari Riuniti,completed_order,Italy,,,235.19999504089355,
10468,1997-03-07 00:00:00+05,,,Königlich Essen,completed_order,Germany,,,717.5999946594238,
10469,1997-03-10 00:00:00+05,,,White Clover Markets,completed_order,USA,,,956.6749754577877,
10470,1997-03-11 00:00:00+05,,,Bon app',completed_order,France,,,1820.8000001907349,
10471,1997-03-11 00:00:00+05,,,B's Beverages,completed_order,UK,,,1327.9999923706055,
10472,1997-03-12 00:00:00+05,,,Seven Seas Imports,completed_order,UK,,,1036.8000200033189,
10473,1997-03-13 00:00:00+05,,,Island Trading,completed_order,UK,,,230.40000915527344,
10474,1997-03-13 00:00:00+05,,,Pericles Comidas clásicas,completed_order,Mexico,,,1249.1000261306763,
10475,1997-03-14 00:00:00+05,,,Suprêmes délices,completed_order,Belgium,,,1505.1799952816964,
10476,1997-03-17 00:00:00+05,,,HILARION-Abastos,completed_order,Venezuela,,,180.48000142097473,
10477,1997-03-17 00:00:00+05,,,Princesa Isabel Vinhos,completed_order,Portugal,,,557.9999885559082,
10478,1997-03-18 00:00:00+05,,,Victuailles en stock,completed_order,France,,,471.1999851346016,
10479,1997-03-19 00:00:00+05,,,Rattlesnake Canyon Grocery,completed_order,USA,,,10495.60012435913,
10480,1997-03-20 00:00:00+05,,,Folies gourmandes,completed_order,France,,,755.999997138977,
10481,1997-03-20 00:00:00+05,,,Ricardo Adocicados,completed_order,Brazil,,,1472.0000305175781,
10482,1997-03-21 00:00:00+05,,,Lazy K Kountry Store,completed_order,USA,,,146.99999809265137,
10483,1997-03-24 00:00:00+05,,,White Clover Markets,completed_order,USA,,,668.7999822616578,
10484,1997-03-24 00:00:00+05,,,B's Beverages,completed_order,UK,,,386.2000026702881,
10485,1997-03-25 00:00:00+05,,,LINO-Delicateses,completed_order,Venezuela,,,1584.0000145435333,
10486,1997-03-26 00:00:00+05,,,HILARION-Abastos,completed_order,Venezuela,,,1272.0000343322754,
10487,1997-03-26 00:00:00+05,,,Queen Cozinha,completed_order,Brazil,,,889.6999912261963,
10488,1997-03-27 00:00:00+05,,,Frankenversand,completed_order,Germany,,,1511.9999992847443,
10489,1997-03-28 00:00:00+05,,,Piccolo und mehr,completed_order,Austria,,,439.1999845504761,
10490,1997-03-31 00:00:00+05,,,HILARION-Abastos,completed_order,Venezuela,,,3163.199993133545,
10491,1997-03-31 00:00:00+05,,,Furia Bacalhau e Frutos do Mar,completed_order,Portugal,,,259.50499591052534,
10492,1997-04-01 00:00:00+05,,,Bottom-Dollar Markets,completed_order,Canada,,,851.1999848365783,
10493,1997-04-02 00:00:00+05,,,La maison d'Asie,completed_order,France,,,608.3999852597714,
10494,1997-04-02 00:00:00+05,,,Comércio Mineiro,completed_order,Brazil,,,911.9999885559082,
10495,1997-04-03 00:00:00+05,,,Laughing Bacchus Wine Cellars,completed_order,Canada,,,277.99999237060547,
10496,1997-04-04 00:00:00+05,,,Tradição Hipermercados,completed_order,Brazil,,,189.9999998509884,
10497,1997-04-04 00:00:00+05,,,Lehmanns Marktstand,completed_order,Germany,,,1380.5999660491943,
10498,1997-04-07 00:00:00+05,,,HILARION-Abastos,completed_order,Venezuela,,,574.9999980926514,
10499,1997-04-08 00:00:00+05,,,LILA-Supermercado,completed_order,Venezuela,,,1411.9999694824219,
10500,1997-04-09 00:00:00+05,,,La maison d'Asie,completed_order,France,,,523.2599879929423,
10501,1997-04-09 00:00:00+05,,,Blauer See Delikatessen,completed_order,Germany,,,148.99999618530273,
10502,1997-04-10 00:00:00+05,,,Pericles Comidas clásicas,completed_order,Mexico,,,816.2999954223633,
10503,1997-04-11 00:00:00+05,,,Hungry Owl All-Night Grocers,completed_order,Ireland,,,2048.499984741211,
10504,1997-04-11 00:00:00+05,,,White Clover Markets,completed_order,USA,,,1388.4999923706055,
10505,1997-04-14 00:00:00+05,,,Mère Paillarde,completed_order,Canada,,,147.89999771118164,
10506,1997-04-15 00:00:00+05,,,Königlich Essen,completed_order,Germany,,,415.79999931156635,
10507,1997-04-15 00:00:00+05,,,Antonio Moreno Taquería,completed_order,Mexico,,,749.0624947473407,
10508,1997-04-16 00:00:00+05,,,Ottilies Käseladen,completed_order,Germany,,,240,
10509,1997-04-17 00:00:00+05,,,Blauer See Delikatessen,completed_order,Germany,,,136.79999542236328,
10510,1997-04-18 00:00:00+05,,,Save-a-lot Markets,completed_order,USA,,,4707.540032543242,
10511,1997-04-18 00:00:00+05,,,Bon app',completed_order,France,,,2549.9999821186066,
10512,1997-04-21 00:00:00+05,,,Familia Arquibaldo,completed_order,Brazil,,,525.299996316433,
10513,1997-04-22 00:00:00+05,,,Die Wandernde Kuh,completed_order,Germany,,,1941.9999927654862,
10514,1997-04-22 00:00:00+05,,,Ernst Handel,completed_order,Austria,,,8623.4499168396,
10515,1997-04-23 00:00:00+05,,,QUICK-Stop,completed_order,Germany,,,9921.300194740295,
10516,1997-04-24 00:00:00+05,,,Hungry Owl All-Night Grocers,completed_order,Ireland,,,2381.0499690555034,
10517,1997-04-24 00:00:00+05,,,North/South,completed_order,UK,,,352,
10518,1997-04-25 00:00:00+05,,,Tortuga Restaurante,completed_order,Mexico,,,4150.050006866455,
10519,1997-04-28 00:00:00+05,,,Chop-suey Chinese,completed_order,Switzerland,,,2314.1999993771315,
10520,1997-04-29 00:00:00+05,,,Santé Gourmet,completed_order,Norway,,,199.99999618530273,
10521,1997-04-29 00:00:00+05,,,Cactus Comidas para llevar,completed_order,Argentina,,,225.49999618530273,
10522,1997-04-30 00:00:00+05,,,Lehmanns Marktstand,completed_order,Germany,,,2318.239977545142,
10523,1997-05-01 00:00:00+05,,,Seven Seas Imports,completed_order,UK,,,2444.3099938930573,
10524,1997-05-01 00:00:00+05,,,Berglunds snabbköp,completed_order,Sweden,,,3192.6499910354614,
10525,1997-05-02 00:00:00+05,,,Bon app',completed_order,France,,,818.3999944388867,
10526,1997-05-05 00:00:00+05,,,Wartian Herkku,completed_order,Finland,,,1151.3999923467636,
10527,1997-05-05 00:00:00+05,,,QUICK-Stop,completed_order,Germany,,,1502.999997511506,
10528,1997-05-06 00:00:00+05,,,Great Lakes Food Market,completed_order,USA,,,392.1999930739403,
10529,1997-05-07 00:00:00+05,,,Maison Dewey,completed_order,Belgium,,,946,
10530,1997-05-08 00:00:00+05,,,Piccolo und mehr,completed_order,Austria,,,4180,
10531,1997-05-08 00:00:00+05,,,Océano Atlántico Ltda.,completed_order,Argentina,,,110,
10532,1997-05-09 00:00:00+05,,,Eastern Connection,completed_order,UK,,,796.3499908447266,
10533,1997-05-12 00:00:00+05,,,Folk och fä HB,completed_order,Sweden,,,2222.1999806016684,
10534,1997-05-12 00:00:00+05,,,Lehmanns Marktstand,completed_order,Germany,,,465.69998854845767,
10535,1997-05-13 00:00:00+05,,,Antonio Moreno Taquería,completed_order,Mexico,,,1940.8499933533371,
10536,1997-05-14 00:00:00+05,,,Lehmanns Marktstand,completed_order,Germany,,,1645,
10537,1997-05-14 00:00:00+05,,,Richter Supermarkt,completed_order,Switzerland,,,1823.7999839782715,
10538,1997-05-15 00:00:00+05,,,B's Beverages,completed_order,UK,,,139.79999923706055,
10539,1997-05-16 00:00:00+05,,,B's Beverages,completed_order,UK,,,355.5,
10540,1997-05-19 00:00:00+05,,,QUICK-Stop,completed_order,Germany,,,10191.699981689453,
10541,1997-05-19 00:00:00+05,,,Hanari Carnes,completed_order,Brazil,,,1946.5199720579385,
10542,1997-05-20 00:00:00+05,,,Königlich Essen,completed_order,Germany,,,469.1099952833355,
10543,1997-05-21 00:00:00+05,,,LILA-Supermercado,completed_order,Venezuela,,,1504.4999894499779,
10544,1997-05-21 00:00:00+05,,,Lonesome Pine Restaurant,completed_order,USA,,,417.19998931884766,
10545,1997-05-22 00:00:00+05,,,Lazy K Kountry Store,completed_order,USA,,,210,
10546,1997-05-23 00:00:00+05,,,Victuailles en stock,completed_order,France,,,2811.999969482422,
10547,1997-05-23 00:00:00+05,,,Seven Seas Imports,completed_order,UK,,,1792.7999954223633,
10548,1997-05-26 00:00:00+05,,,Toms Spezialitäten,completed_order,Germany,,,240.09999465942383,
10549,1997-05-27 00:00:00+05,,,QUICK-Stop,completed_order,Germany,,,3554.274975076318,
10550,1997-05-28 00:00:00+05,,,Godos Cocina Típica,completed_order,Spain,,,683.2999971136451,
10551,1997-05-28 00:00:00+05,,,Furia Bacalhau e Frutos do Mar,completed_order,Portugal,,,1677.300050151348,
10552,1997-05-29 00:00:00+05,,,HILARION-Abastos,completed_order,Venezuela,,,880.5,
10553,1997-05-30 00:00:00+05,,,Wartian Herkku,completed_order,Finland,,,1546.3000106811523,
10554,1997-05-30 00:00:00+05,,,Ottilies Käseladen,completed_order,Germany,,,1728.5250058922916,
10555,1997-06-02 00:00:00+05,,,Save-a-lot Markets,completed_order,USA,,,2944.399983690679,
10556,1997-06-03 00:00:00+05,,,Simons bistro,completed_order,Denmark,,,835.1999816894531,
10557,1997-06-03 00:00:00+05,,,Lehmanns Marktstand,completed_order,Germany,,,1152.5,
10558,1997-06-04 00:00:00+05,,,Around the Horn,completed_order,UK,,,2142.89998626709,
10559,1997-06-05 00:00:00+05,,,Blondesddsl père et fils,completed_order,France,,,520.4099952431023,
10560,1997-06-06 00:00:00+05,,,Frankenversand,completed_order,Germany,,,1072.4249792099,
10561,1997-06-06 00:00:00+05,,,Folk och fä HB,completed_order,Sweden,,,2844.5000076293945,
10562,1997-06-09 00:00:00+05,,,Reggiani Caseifici,completed_order,Italy,,,488.6999923244119,
10563,1997-06-10 00:00:00+05,,,Ricardo Adocicados,completed_order,Brazil,,,965,
10564,1997-06-10 00:00:00+05,,,Rattlesnake Canyon Grocery,completed_order,USA,,,1234.0499990321696,
10565,1997-06-11 00:00:00+05,,,Mère Paillarde,completed_order,Canada,,,639.8999989405274,
10566,1997-06-12 00:00:00+05,,,Blondesddsl père et fils,completed_order,France,,,1760.999988913536,
10567,1997-06-12 00:00:00+05,,,Hungry Owl All-Night Grocers,completed_order,Ireland,,,2518.999991208315,
10568,1997-06-13 00:00:00+05,,,Galería del gastrónomo,completed_order,Spain,,,155,
10569,1997-06-16 00:00:00+05,,,Rattlesnake Canyon Grocery,completed_order,USA,,,889.9999986961484,
10570,1997-06-17 00:00:00+05,,,Mère Paillarde,completed_order,Canada,,,2465.2499980665743,
10571,1997-06-17 00:00:00+05,,,Ernst Handel,completed_order,Austria,,,550.5874961391091,
10572,1997-06-18 00:00:00+05,,,Berglunds snabbköp,completed_order,Sweden,,,1501.0849882041662,
10573,1997-06-19 00:00:00+05,,,Antonio Moreno Taquería,completed_order,Mexico,,,2081.9999809265137,
10574,1997-06-19 00:00:00+05,,,Trail's Head Gourmet Provisioners,completed_order,USA,,,764.299991607666,
10575,1997-06-20 00:00:00+05,,,Morgenstern Gesundkost,completed_order,Germany,,,2147.39998626709,
10576,1997-06-23 00:00:00+05,,,Tortuga Restaurante,completed_order,Mexico,,,838.4500160217285,
10577,1997-06-23 00:00:00+05,,,Trail's Head Gourmet Provisioners,completed_order,USA,,,569,
10578,1997-06-24 00:00:00+05,,,B's Beverages,completed_order,UK,,,477,
10579,1997-06-25 00:00:00+05,,,Let's Stop N Shop,completed_order,USA,,,317.75,
10580,1997-06-26 00:00:00+05,,,Ottilies Käseladen,completed_order,Germany,,,1013.744974199608,
10581,1997-06-26 00:00:00+05,,,Familia Arquibaldo,completed_order,Brazil,,,309.99999884516,
10582,1997-06-27 00:00:00+05,,,Blauer See Delikatessen,completed_order,Germany,,,330,
10583,1997-06-30 00:00:00+05,,,Wartian Herkku,completed_order,Finland,,,2237.500002145767,
10584,1997-06-30 00:00:00+05,,,Blondesddsl père et fils,completed_order,France,,,593.7499995343387,
10585,1997-07-01 00:00:00+05,,,Wellington Importadora,completed_order,Brazil,,,142.5,
10586,1997-07-02 00:00:00+05,,,Reggiani Caseifici,completed_order,Italy,,,23.799999833106995,
10587,1997-07-02 00:00:00+05,,,Que Delícia,completed_order,Brazil,,,807.379997253418,
10588,1997-07-03 00:00:00+05,,,QUICK-Stop,completed_order,Germany,,,3119.9999883770943,
10589,1997-07-04 00:00:00+05,,,Great Lakes Food Market,completed_order,USA,,,72,
10590,1997-07-07 00:00:00+05,,,Mère Paillarde,completed_order,Canada,,,1100.9999994188547,
10591,1997-07-07 00:00:00+05,,,Vaffeljernet,completed_order,Denmark,,,812.4999904632568,
10592,1997-07-08 00:00:00+05,,,Lehmanns Marktstand,completed_order,Germany,,,516.4674974205718,
10593,1997-07-09 00:00:00+05,,,Lehmanns Marktstand,completed_order,Germany,,,1994.399992570281,
10594,1997-07-09 00:00:00+05,,,Old World Delicatessen,completed_order,USA,,,565.5,
10595,1997-07-10 00:00:00+05,,,Ernst Handel,completed_order,Austria,,,4725,
10596,1997-07-11 00:00:00+05,,,White Clover Markets,completed_order,USA,,,1180.880024897754,
10597,1997-07-11 00:00:00+05,,,Piccolo und mehr,completed_order,Austria,,,718.079991453588,
10598,1997-07-14 00:00:00+05,,,Rattlesnake Canyon Grocery,completed_order,USA,,,2388.5000762939453,
10599,1997-07-15 00:00:00+05,,,B's Beverages,completed_order,UK,,,492.99999237060547,
10600,1997-07-16 00:00:00+05,,,Hungry Coyote Import Store,completed_order,USA,,,479.79999923706055,
10601,1997-07-16 00:00:00+05,,,HILARION-Abastos,completed_order,Venezuela,,,2285,
10602,1997-07-17 00:00:00+05,,,Vaffeljernet,completed_order,Denmark,,,48.75,
10603,1997-07-18 00:00:00+05,,,Save-a-lot Markets,completed_order,USA,,,1482.999999627471,
10604,1997-07-18 00:00:00+05,,,Furia Bacalhau e Frutos do Mar,completed_order,Portugal,,,230.84999961778522,
10605,1997-07-21 00:00:00+05,,,Mère Paillarde,completed_order,Canada,,,4109.700018520653,
10606,1997-07-22 00:00:00+05,,,Tradição Hipermercados,completed_order,Brazil,,,1130.3999896854161,
10607,1997-07-22 00:00:00+05,,,Save-a-lot Markets,completed_order,USA,,,6475.399974822998,
10608,1997-07-23 00:00:00+05,,,Toms Spezialitäten,completed_order,Germany,,,1064,
10609,1997-07-24 00:00:00+05,,,Du monde entier,completed_order,France,,,424,
10610,1997-07-25 00:00:00+05,,,La maison d'Asie,completed_order,France,,,299.25,
10611,1997-07-25 00:00:00+05,,,Wolski  Zajazd,completed_order,Poland,,,808,
10612,1997-07-28 00:00:00+05,,,Save-a-lot Markets,completed_order,USA,,,6375,
10613,1997-07-29 00:00:00+05,,,HILARION-Abastos,completed_order,Venezuela,,,353.1999999284744,
10614,1997-07-29 00:00:00+05,,,Blauer See Delikatessen,completed_order,Germany,,,464,
10615,1997-07-30 00:00:00+05,,,Wilman Kala,completed_order,Finland,,,120,
10616,1997-07-31 00:00:00+05,,,Great Lakes Food Market,completed_order,USA,,,4806.999996647239,
10617,1997-07-31 00:00:00+05,,,Great Lakes Food Market,completed_order,USA,,,1402.4999901652336,
10618,1997-08-01 00:00:00+05,,,Mère Paillarde,completed_order,Canada,,,2697.5,
10619,1997-08-04 00:00:00+05,,,Mère Paillarde,completed_order,Canada,,,1260,
10620,1997-08-05 00:00:00+05,,,Laughing Bacchus Wine Cellars,completed_order,Canada,,,57.5,
10621,1997-08-05 00:00:00+05,,,Island Trading,completed_order,UK,,,758.4999990463257,
10622,1997-08-06 00:00:00+05,,,Ricardo Adocicados,completed_order,Brazil,,,559.9999993294477,
10623,1997-08-07 00:00:00+05,,,Frankenversand,completed_order,Germany,,,1336.9499960422515,
10624,1997-08-07 00:00:00+05,,,The Cracker Box,completed_order,USA,,,1393.2399978637695,
10625,1997-08-08 00:00:00+05,,,Ana Trujillo Emparedados y helados,completed_order,Mexico,,,479.75,
10626,1997-08-11 00:00:00+05,,,Berglunds snabbköp,completed_order,Sweden,,,1503.5999908447266,
10627,1997-08-11 00:00:00+05,,,Save-a-lot Markets,completed_order,USA,,,1185.7499854266644,
10628,1997-08-12 00:00:00+05,,,Blondesddsl père et fils,completed_order,France,,,450,
10629,1997-08-12 00:00:00+05,,,Godos Cocina Típica,completed_order,Spain,,,2775.050018310547,
10630,1997-08-13 00:00:00+05,,,Königlich Essen,completed_order,Germany,,,903.5999997854233,
10631,1997-08-14 00:00:00+05,,,La maison d'Asie,completed_order,France,,,55.7999999076128,
10632,1997-08-14 00:00:00+05,,,Die Wandernde Kuh,completed_order,Germany,,,588.999999538064,
10633,1997-08-15 00:00:00+05,,,Ernst Handel,completed_order,Austria,,,5510.5923958596595,
10634,1997-08-15 00:00:00+05,,,Folies gourmandes,completed_order,France,,,4985.5,
10635,1997-08-18 00:00:00+05,,,Magazzini Alimentari Riuniti,completed_order,Italy,,,1326.2250043448062,
10636,1997-08-19 00:00:00+05,,,Wartian Herkku,completed_order,Finland,,,629.5,
10637,1997-08-19 00:00:00+05,,,Queen Cozinha,completed_order,Brazil,,,2761.937497998588,
10638,1997-08-20 00:00:00+05,,,LINO-Delicateses,completed_order,Venezuela,,,2720.0499382019043,
10639,1997-08-20 00:00:00+05,,,Santé Gourmet,completed_order,Norway,,,500,
10640,1997-08-21 00:00:00+05,,,Die Wandernde Kuh,completed_order,Germany,,,708.75,
10641,1997-08-22 00:00:00+05,,,HILARION-Abastos,completed_order,Venezuela,,,2053.9999771118164,
10642,1997-08-22 00:00:00+05,,,Simons bistro,completed_order,Denmark,,,695.999997407198,
10643,1997-08-25 00:00:00+05,,,Alfreds Futterkiste,completed_order,Germany,,,814.4999828338623,
10644,1997-08-25 00:00:00+05,,,Wellington Importadora,completed_order,Brazil,,,1371.7999992519617,
10645,1997-08-26 00:00:00+05,,,Hanari Carnes,completed_order,Brazil,,,1535,
10646,1997-08-27 00:00:00+05,,,Hungry Owl All-Night Grocers,completed_order,Ireland,,,1446,
10647,1997-08-27 00:00:00+05,,,Que Delícia,completed_order,Brazil,,,635.9999942779541,
10648,1997-08-28 00:00:00+05,,,Ricardo Adocicados,completed_order,Brazil,,,372.37499959766865,
10649,1997-08-28 00:00:00+05,,,Maison Dewey,completed_order,Belgium,,,1433.99995803833,
10650,1997-08-29 00:00:00+05,,,Familia Arquibaldo,completed_order,Brazil,,,1779.1999572366476,
10651,1997-09-01 00:00:00+05,,,Die Wandernde Kuh,completed_order,Germany,,,397.79999828338623,
10652,1997-09-01 00:00:00+05,,,Gourmet Lanchonetes,completed_order,Brazil,,,318.83499908447266,
10653,1997-09-02 00:00:00+05,,,Frankenversand,completed_order,Germany,,,1083.1500188060104,
10654,1997-09-02 00:00:00+05,,,Berglunds snabbköp,completed_order,Sweden,,,601.829997973591,
10655,1997-09-03 00:00:00+05,,,Reggiani Caseifici,completed_order,Italy,,,154.39999332129958,
10656,1997-09-04 00:00:00+05,,,Great Lakes Food Market,completed_order,USA,,,604.2150182256847,
10657,1997-09-04 00:00:00+05,,,Save-a-lot Markets,completed_order,USA,,,4371.599990844727,
10658,1997-09-05 00:00:00+05,,,QUICK-Stop,completed_order,Germany,,,4464.599971601367,
10659,1997-09-05 00:00:00+05,,,Queen Cozinha,completed_order,Brazil,,,1227.0199903401733,
10660,1997-09-08 00:00:00+05,,,Hungry Coyote Import Store,completed_order,USA,,,1701,
10661,1997-09-09 00:00:00+05,,,Hungry Owl All-Night Grocers,completed_order,Ireland,,,562.5999979041517,
10662,1997-09-09 00:00:00+05,,,Lonesome Pine Restaurant,completed_order,USA,,,125,
10663,1997-09-10 00:00:00+05,,,Bon app',completed_order,France,,,1930.3999876141547,
10664,1997-09-10 00:00:00+05,,,Furia Bacalhau e Frutos do Mar,completed_order,Portugal,,,1288.3874812379481,
10665,1997-09-11 00:00:00+05,,,Lonesome Pine Restaurant,completed_order,USA,,,1295,
10666,1997-09-12 00:00:00+05,,,Richter Supermarkt,completed_order,Switzerland,,,4666.94002532959,
10667,1997-09-12 00:00:00+05,,,Ernst Handel,completed_order,Austria,,,1536.7999942749739,
10668,1997-09-15 00:00:00+05,,,Die Wandernde Kuh,completed_order,Germany,,,625.2749989647418,
10669,1997-09-15 00:00:00+05,,,Simons bistro,completed_order,Denmark,,,570,
10670,1997-09-16 00:00:00+05,,,Frankenversand,completed_order,Germany,,,2301.75,
10671,1997-09-17 00:00:00+05,,,France restauration,completed_order,France,,,920.0999908447266,
10672,1997-09-17 00:00:00+05,,,Berglunds snabbköp,completed_order,Sweden,,,3815.249994110316,
10673,1997-09-18 00:00:00+05,,,Wilman Kala,completed_order,Finland,,,412.35000228881836,
10674,1997-09-18 00:00:00+05,,,Island Trading,completed_order,UK,,,45,
10675,1997-09-19 00:00:00+05,,,Frankenversand,completed_order,Germany,,,1422.9999923706055,
10676,1997-09-22 00:00:00+05,,,Tortuga Restaurante,completed_order,Mexico,,,534.8500146865845,
10677,1997-09-22 00:00:00+05,,,Antonio Moreno Taquería,completed_order,Mexico,,,813.364982623458,
10678,1997-09-23 00:00:00+05,,,Save-a-lot Markets,completed_order,USA,,,5256.499948501587,
10679,1997-09-23 00:00:00+05,,,Blondesddsl père et fils,completed_order,France,,,660,
10680,1997-09-24 00:00:00+05,,,Old World Delicatessen,completed_order,USA,,,1261.8750286102295,
10681,1997-09-25 00:00:00+05,,,Great Lakes Food Market,completed_order,USA,,,1287.3999942600726,
10682,1997-09-25 00:00:00+05,,,Antonio Moreno Taquería,completed_order,Mexico,,,375.5,
10683,1997-09-26 00:00:00+05,,,Du monde entier,completed_order,France,,,63,
10684,1997-09-26 00:00:00+05,,,Ottilies Käseladen,completed_order,Germany,,,1767.9999923706055,
10685,1997-09-29 00:00:00+05,,,Gourmet Lanchonetes,completed_order,Brazil,,,801.0999984741211,
10686,1997-09-30 00:00:00+05,,,Piccolo und mehr,completed_order,Austria,,,1404.4499896466732,
10687,1997-09-30 00:00:00+05,,,Hungry Owl All-Night Grocers,completed_order,Ireland,,,4960.900009155273,
10688,1997-10-01 00:00:00+05,,,Vaffeljernet,completed_order,Denmark,,,3160.599912694097,
10689,1997-10-01 00:00:00+05,,,Berglunds snabbköp,completed_order,Sweden,,,472.5,
10690,1997-10-02 00:00:00+05,,,Hanari Carnes,completed_order,Brazil,,,862.5,
10691,1997-10-03 00:00:00+05,,,QUICK-Stop,completed_order,Germany,,,10164.800018310547,
10692,1997-10-03 00:00:00+05,,,Alfreds Futterkiste,completed_order,Germany,,,878.0000305175781,
10693,1997-10-06 00:00:00+05,,,White Clover Markets,completed_order,USA,,,2071.1999798297884,
10694,1997-10-06 00:00:00+05,,,QUICK-Stop,completed_order,Germany,,,4825,
10695,1997-10-07 00:00:00+05,,,Wilman Kala,completed_order,Finland,,,642,
10696,1997-10-08 00:00:00+05,,,White Clover Markets,completed_order,USA,,,996,
10697,1997-10-08 00:00:00+05,,,LINO-Delicateses,completed_order,Venezuela,,,805.424998998642,
10698,1997-10-09 00:00:00+05,,,Ernst Handel,completed_order,Austria,,,3436.443460877441,
10699,1997-10-09 00:00:00+05,,,Morgenstern Gesundkost,completed_order,Germany,,,114,
10700,1997-10-10 00:00:00+05,,,Save-a-lot Markets,completed_order,USA,,,1638.3999938964844,
10701,1997-10-13 00:00:00+05,,,Hungry Owl All-Night Grocers,completed_order,Ireland,,,2864.4999799132347,
10702,1997-10-13 00:00:00+05,,,Alfreds Futterkiste,completed_order,Germany,,,330,
10703,1997-10-14 00:00:00+05,,,Folk och fä HB,completed_order,Sweden,,,2545,
10704,1997-10-14 00:00:00+05,,,Queen Cozinha,completed_order,Brazil,,,595.5,
10705,1997-10-15 00:00:00+05,,,HILARION-Abastos,completed_order,Venezuela,,,378,
10706,1997-10-16 00:00:00+05,,,Old World Delicatessen,completed_order,USA,,,1893.000015258789,
10707,1997-10-16 00:00:00+05,,,Around the Horn,completed_order,UK,,,1640.999997496605,
10708,1997-10-17 00:00:00+05,,,The Big Cheese,completed_order,USA,,,180.4000015258789,
10709,1997-10-17 00:00:00+05,,,Gourmet Lanchonetes,completed_order,Brazil,,,3424,
10710,1997-10-20 00:00:00+05,,,Franchi S.p.A.,completed_order,Italy,,,93.49999904632568,
10711,1997-10-21 00:00:00+05,,,Save-a-lot Markets,completed_order,USA,,,4451.699890136719,
10712,1997-10-21 00:00:00+05,,,Hungry Owl All-Night Grocers,completed_order,Ireland,,,1233.479997752309,
10713,1997-10-22 00:00:00+05,,,Save-a-lot Markets,completed_order,USA,,,2827.89998626709,
10714,1997-10-22 00:00:00+05,,,Save-a-lot Markets,completed_order,USA,,,2205.75,
10715,1997-10-23 00:00:00+05,,,Bon app',completed_order,France,,,1296,
10716,1997-10-24 00:00:00+05,,,Rancho grande,completed_order,Argentina,,,706,
10717,1997-10-24 00:00:00+05,,,Frankenversand,completed_order,Germany,,,1270.7499962300062,
10718,1997-10-27 00:00:00+05,,,Königlich Essen,completed_order,Germany,,,3463,
10719,1997-10-27 00:00:00+05,,,Let's Stop N Shop,completed_order,USA,,,844.2524929046631,
10720,1997-10-28 00:00:00+05,,,Que Delícia,completed_order,Brazil,,,550,
10721,1997-10-29 00:00:00+05,,,QUICK-Stop,completed_order,Germany,,,923.8750355150551,
10722,1997-10-29 00:00:00+05,,,Save-a-lot Markets,completed_order,USA,,,1570,
10723,1997-10-30 00:00:00+05,,,White Clover Markets,completed_order,USA,,,468.4499931335449,
10724,1997-10-30 00:00:00+05,,,Mère Paillarde,completed_order,Canada,,,638.5,
10725,1997-10-31 00:00:00+05,,,Familia Arquibaldo,completed_order,Brazil,,,287.7999954223633,
10726,1997-11-03 00:00:00+05,,,Eastern Connection,completed_order,UK,,,655,
10727,1997-11-03 00:00:00+05,,,Reggiani Caseifici,completed_order,Italy,,,1624.4999987259507,
10728,1997-11-04 00:00:00+05,,,Queen Cozinha,completed_order,Brazil,,,1296.7499885559082,
10729,1997-11-04 00:00:00+05,,,LINO-Delicateses,completed_order,Venezuela,,,1850,
10730,1997-11-05 00:00:00+05,,,Bon app',completed_order,France,,,484.262503244169,
10731,1997-11-06 00:00:00+05,,,Chop-suey Chinese,completed_order,Switzerland,,,1890.4999985173345,
10732,1997-11-06 00:00:00+05,,,Bon app',completed_order,France,,,360,
10733,1997-11-07 00:00:00+05,,,Berglunds snabbköp,completed_order,Sweden,,,1458.9999694824219,
10734,1997-11-07 00:00:00+05,,,Gourmet Lanchonetes,completed_order,Brazil,,,1498.3499908447266,
10735,1997-11-10 00:00:00+05,,,Let's Stop N Shop,completed_order,USA,,,536.3999991118908,
10736,1997-11-11 00:00:00+05,,,Hungry Owl All-Night Grocers,completed_order,Ireland,,,996.9999694824219,
10737,1997-11-11 00:00:00+05,,,Vins et alcools Chevalier,completed_order,France,,,139.79999542236328,
10738,1997-11-12 00:00:00+05,,,Spécialités du monde,completed_order,France,,,52.35000228881836,
10739,1997-11-12 00:00:00+05,,,Vins et alcools Chevalier,completed_order,France,,,240,
10740,1997-11-13 00:00:00+05,,,White Clover Markets,completed_order,USA,,,1415.9999886214732,
10741,1997-11-14 00:00:00+05,,,Around the Horn,completed_order,UK,,,227.9999991506338,
10742,1997-11-14 00:00:00+05,,,Bottom-Dollar Markets,completed_order,Canada,,,3117.999973297119,
10743,1997-11-17 00:00:00+05,,,Around the Horn,completed_order,UK,,,319.1999997496605,
10744,1997-11-17 00:00:00+05,,,Vaffeljernet,completed_order,Denmark,,,735.9999819993973,
10745,1997-11-18 00:00:00+05,,,QUICK-Stop,completed_order,Germany,,,4529.800006866455,
10746,1997-11-19 00:00:00+05,,,Chop-suey Chinese,completed_order,Switzerland,,,2311.699993133545,
10747,1997-11-19 00:00:00+05,,,Piccolo und mehr,completed_order,Austria,,,1912.8500003814697,
10749,1997-11-20 00:00:00+05,,,Island Trading,completed_order,UK,,,1080,
10750,1997-11-21 00:00:00+05,,,Wartian Herkku,completed_order,Finland,,,1590.5624888464808,
10751,1997-11-24 00:00:00+05,,,Richter Supermarkt,completed_order,Switzerland,,,1631.4839757028817,
10748,1997-11-20 00:00:00+05,,,Save-a-lot Markets,completed_order,USA,,,2195.999984741211,
10752,1997-11-24 00:00:00+05,,,North/South,completed_order,UK,,,252,
10753,1997-11-25 00:00:00+05,,,Franchi S.p.A.,completed_order,Italy,,,88,
10754,1997-11-25 00:00:00+05,,,Magazzini Alimentari Riuniti,completed_order,Italy,,,55.19999885559082,
10755,1997-11-26 00:00:00+05,,,Bon app',completed_order,France,,,1948.5,
10756,1997-11-27 00:00:00+05,,,Split Rail Beer & Ale,completed_order,USA,,,1989.9999925866723,
10757,1997-11-27 00:00:00+05,,,Save-a-lot Markets,completed_order,USA,,,3081.9999771118164,
10758,1997-11-28 00:00:00+05,,,Richter Supermarkt,completed_order,Switzerland,,,1644.5999908447266,
10759,1997-11-28 00:00:00+05,,,Ana Trujillo Emparedados y helados,completed_order,Mexico,,,320,
10760,1997-12-01 00:00:00+05,,,Maison Dewey,completed_order,Belgium,,,2917.0000610351562,
10761,1997-12-02 00:00:00+05,,,Rattlesnake Canyon Grocery,completed_order,USA,,,507,
10762,1997-12-02 00:00:00+05,,,Folk och fä HB,completed_order,Sweden,,,4337,
10763,1997-12-03 00:00:00+05,,,Folies gourmandes,completed_order,France,,,616,
10764,1997-12-03 00:00:00+05,,,Ernst Handel,completed_order,Austria,,,2285.999996215105,
10765,1997-12-04 00:00:00+05,,,QUICK-Stop,completed_order,Germany,,,1515.599942559004,
10766,1997-12-05 00:00:00+05,,,Ottilies Käseladen,completed_order,Germany,,,2310,
10767,1997-12-05 00:00:00+05,,,Suprêmes délices,completed_order,Belgium,,,28,
10768,1997-12-08 00:00:00+05,,,Around the Horn,completed_order,UK,,,1477,
10769,1997-12-08 00:00:00+05,,,Vaffeljernet,completed_order,Denmark,,,1684.2749773900955,
10770,1997-12-09 00:00:00+05,,,Hanari Carnes,completed_order,Brazil,,,236.25,
10771,1997-12-10 00:00:00+05,,,Ernst Handel,completed_order,Austria,,,344,
10772,1997-12-10 00:00:00+05,,,Lehmanns Marktstand,completed_order,Germany,,,3603.220016479492,
10773,1997-12-11 00:00:00+05,,,Ernst Handel,completed_order,Austria,,,2030.3999972306192,
10774,1997-12-11 00:00:00+05,,,Folk och fä HB,completed_order,Sweden,,,868.75,
10775,1997-12-12 00:00:00+05,,,The Cracker Box,completed_order,USA,,,228,
10776,1997-12-15 00:00:00+05,,,Ernst Handel,completed_order,Austria,,,6635.274994796142,
10777,1997-12-15 00:00:00+05,,,Gourmet Lanchonetes,completed_order,Brazil,,,223.99999916553497,
10778,1997-12-16 00:00:00+05,,,Berglunds snabbköp,completed_order,Sweden,,,96.49999618530273,
10779,1997-12-16 00:00:00+05,,,Morgenstern Gesundkost,completed_order,Germany,,,1335,
10780,1997-12-16 00:00:00+05,,,LILA-Supermercado,completed_order,Venezuela,,,720,
10781,1997-12-17 00:00:00+05,,,Wartian Herkku,completed_order,Finland,,,975.8799972106516,
10782,1997-12-17 00:00:00+05,,,Cactus Comidas para llevar,completed_order,Argentina,,,12.5,
10783,1997-12-18 00:00:00+05,,,Hanari Carnes,completed_order,Brazil,,,1442.5,
10784,1997-12-18 00:00:00+05,,,Magazzini Alimentari Riuniti,completed_order,Italy,,,1487.9999741077424,
10785,1997-12-18 00:00:00+05,,,GROSELLA-Restaurante,completed_order,Venezuela,,,387.5,
10786,1997-12-19 00:00:00+05,,,Queen Cozinha,completed_order,Brazil,,,1531.0799869720638,
10787,1997-12-19 00:00:00+05,,,La maison d'Asie,completed_order,France,,,2622.760015338063,
10788,1997-12-22 00:00:00+05,,,QUICK-Stop,completed_order,Germany,,,731.4999903663993,
10789,1997-12-22 00:00:00+05,,,Folies gourmandes,completed_order,France,,,3687.000045776367,
10790,1997-12-22 00:00:00+05,,,Gourmet Lanchonetes,completed_order,Brazil,,,722.4999949336052,
10791,1997-12-23 00:00:00+05,,,Frankenversand,completed_order,Germany,,,1829.7570034935625,
10792,1997-12-23 00:00:00+05,,,Wolski  Zajazd,completed_order,Poland,,,399.8499994277954,
10793,1997-12-24 00:00:00+05,,,Around the Horn,completed_order,UK,,,191.09999465942383,
10794,1997-12-24 00:00:00+05,,,Que Delícia,completed_order,Brazil,,,314.7599979119003,
10795,1997-12-24 00:00:00+05,,,Ernst Handel,completed_order,Austria,,,2158.0000495910645,
10796,1997-12-25 00:00:00+05,,,HILARION-Abastos,completed_order,Venezuela,,,2341.3639919412735,
10797,1997-12-25 00:00:00+05,,,Drachenblut Delikatessen,completed_order,Germany,,,420,
10798,1997-12-26 00:00:00+05,,,Island Trading,completed_order,UK,,,446.59999084472656,
10799,1997-12-26 00:00:00+05,,,Königlich Essen,completed_order,Germany,,,1553.4999987483025,
10800,1997-12-26 00:00:00+05,,,Seven Seas Imports,completed_order,UK,,,1468.9349963662773,
10801,1997-12-29 00:00:00+05,,,Bólido Comidas preparadas,completed_order,Spain,,,3026.85001373291,
10802,1997-12-29 00:00:00+05,,,Simons bistro,completed_order,Denmark,,,2942.8124856948853,
10803,1997-12-30 00:00:00+05,,,Wellington Importadora,completed_order,Brazil,,,1193.0099947156014,
10804,1997-12-30 00:00:00+05,,,Seven Seas Imports,completed_order,UK,,,2278.399962902069,
10805,1997-12-30 00:00:00+05,,,The Big Cheese,completed_order,USA,,,2775,
10806,1997-12-31 00:00:00+05,,,Victuailles en stock,completed_order,France,,,439.5999984741211,
10807,1997-12-31 00:00:00+05,,,Franchi S.p.A.,completed_order,Italy,,,18.399999618530273,
10808,1998-01-01 00:00:00+05,,,Old World Delicatessen,completed_order,USA,,,1410.999990105629,
10809,1998-01-01 00:00:00+05,,,Wellington Importadora,completed_order,Brazil,,,140,
10810,1998-01-01 00:00:00+05,,,Laughing Bacchus Wine Cellars,completed_order,Canada,,,187,
10811,1998-01-02 00:00:00+05,,,LINO-Delicateses,completed_order,Venezuela,,,851.9999856948853,
10812,1998-01-02 00:00:00+05,,,Reggiani Caseifici,completed_order,Italy,,,1692.7999701619149,
10813,1998-01-05 00:00:00+05,,,Ricardo Adocicados,completed_order,Brazil,,,602.399999320507,
10814,1998-01-05 00:00:00+05,,,Victuailles en stock,completed_order,France,,,1788.4499811828136,
10815,1998-01-05 00:00:00+05,,,Save-a-lot Markets,completed_order,USA,,,40,
10816,1998-01-06 00:00:00+05,,,Great Lakes Food Market,completed_order,USA,,,8446.449978879838,
10817,1998-01-06 00:00:00+05,,,Königlich Essen,completed_order,Germany,,,10952.84492739618,
10818,1998-01-07 00:00:00+05,,,Magazzini Alimentari Riuniti,completed_order,Italy,,,832.9999923706055,
10819,1998-01-07 00:00:00+05,,,Cactus Comidas para llevar,completed_order,Argentina,,,477,
10820,1998-01-07 00:00:00+05,,,Rattlesnake Canyon Grocery,completed_order,USA,,,1140,
10821,1998-01-08 00:00:00+05,,,Split Rail Beer & Ale,completed_order,USA,,,678,
10822,1998-01-08 00:00:00+05,,,Trail's Head Gourmet Provisioners,completed_order,USA,,,237.89999771118164,
10823,1998-01-09 00:00:00+05,,,LILA-Supermercado,completed_order,Venezuela,,,2825.999995805323,
10824,1998-01-09 00:00:00+05,,,Folk och fä HB,completed_order,Sweden,,,250.79999542236328,
10825,1998-01-09 00:00:00+05,,,Drachenblut Delikatessen,completed_order,Germany,,,1030.7599792480469,
10826,1998-01-12 00:00:00+05,,,Blondesddsl père et fils,completed_order,France,,,730,
10827,1998-01-12 00:00:00+05,,,Bon app',completed_order,France,,,843,
10828,1998-01-13 00:00:00+05,,,Rancho grande,completed_order,Argentina,,,932,
10829,1998-01-13 00:00:00+05,,,Island Trading,completed_order,UK,,,1764,
10830,1998-01-13 00:00:00+05,,,Tradição Hipermercados,completed_order,Brazil,,,1974,
10831,1998-01-14 00:00:00+05,,,Santé Gourmet,completed_order,Norway,,,2684.3999996185303,
10832,1998-01-14 00:00:00+05,,,La maison d'Asie,completed_order,France,,,475.1100083673,
10833,1998-01-15 00:00:00+05,,,Ottilies Käseladen,completed_order,Germany,,,906.9299923186004,
10834,1998-01-15 00:00:00+05,,,Tradição Hipermercados,completed_order,Brazil,,,1432.7139942376912,
10835,1998-01-15 00:00:00+05,,,Alfreds Futterkiste,completed_order,Germany,,,845.799999922514,
10836,1998-01-16 00:00:00+05,,,Ernst Handel,completed_order,Austria,,,4705.5,
10837,1998-01-16 00:00:00+05,,,Berglunds snabbköp,completed_order,Sweden,,,1064.4999904632568,
10838,1998-01-19 00:00:00+05,,,LINO-Delicateses,completed_order,Venezuela,,,1938.375,
10839,1998-01-19 00:00:00+05,,,Tradição Hipermercados,completed_order,Brazil,,,827.5499883301557,
10840,1998-01-19 00:00:00+05,,,LINO-Delicateses,completed_order,Venezuela,,,211.1999992132187,
10841,1998-01-20 00:00:00+05,,,Suprêmes délices,completed_order,Belgium,,,4581,
10842,1998-01-20 00:00:00+05,,,Tortuga Restaurante,completed_order,Mexico,,,975,
10843,1998-01-21 00:00:00+05,,,Victuailles en stock,completed_order,France,,,159,
10844,1998-01-21 00:00:00+05,,,Piccolo und mehr,completed_order,Austria,,,735,
10845,1998-01-21 00:00:00+05,,,QUICK-Stop,completed_order,Germany,,,3812.699996329844,
10846,1998-01-22 00:00:00+05,,,Suprêmes délices,completed_order,Belgium,,,1112,
10847,1998-01-22 00:00:00+05,,,Save-a-lot Markets,completed_order,USA,,,4931.919979796112,
10848,1998-01-23 00:00:00+05,,,Consolidated Holdings,completed_order,UK,,,931.5000114440918,
10849,1998-01-23 00:00:00+05,,,Königlich Essen,completed_order,Germany,,,967.8189896456004,
10850,1998-01-23 00:00:00+05,,,Victuailles en stock,completed_order,France,,,628.9999955892563,
10851,1998-01-26 00:00:00+05,,,Ricardo Adocicados,completed_order,Brazil,,,2602.999997958541,
10852,1998-01-26 00:00:00+05,,,Rattlesnake Canyon Grocery,completed_order,USA,,,2983.9999618530273,
10853,1998-01-27 00:00:00+05,,,Blauer See Delikatessen,completed_order,Germany,,,625,
10854,1998-01-27 00:00:00+05,,,Ernst Handel,completed_order,Austria,,,2966.499979197979,
10855,1998-01-27 00:00:00+05,,,Old World Delicatessen,completed_order,USA,,,2227.887526537478,
10856,1998-01-28 00:00:00+05,,,Antonio Moreno Taquería,completed_order,Mexico,,,660,
10857,1998-01-28 00:00:00+05,,,Berglunds snabbköp,completed_order,Sweden,,,2048.2124948501587,
10858,1998-01-29 00:00:00+05,,,La corne d'abondance,completed_order,France,,,649.0000152587891,
10859,1998-01-29 00:00:00+05,,,Frankenversand,completed_order,Germany,,,1078.6874949932098,
10860,1998-01-29 00:00:00+05,,,France restauration,completed_order,France,,,519,
10861,1998-01-30 00:00:00+05,,,White Clover Markets,completed_order,USA,,,3523.3999977111816,
10862,1998-01-30 00:00:00+05,,,Lehmanns Marktstand,completed_order,Germany,,,581,
10863,1998-02-02 00:00:00+05,,,HILARION-Abastos,completed_order,Venezuela,,,441.14999690651894,
10864,1998-02-02 00:00:00+05,,,Around the Horn,completed_order,UK,,,282,
10865,1998-02-02 00:00:00+05,,,QUICK-Stop,completed_order,Germany,,,16387.49998714775,
10866,1998-02-03 00:00:00+05,,,Berglunds snabbköp,completed_order,Sweden,,,1096.1999816894531,
11022,1998-04-14 00:00:00+05,,,Hanari Carnes,completed_order,Brazil,,,1401.9999933242798,
10867,1998-02-03 00:00:00+05,,,Lonesome Pine Restaurant,completed_order,USA,,,98.39999771118164,
10868,1998-02-04 00:00:00+05,,,Queen Cozinha,completed_order,Brazil,,,1920.599989593029,
10869,1998-02-04 00:00:00+05,,,Seven Seas Imports,completed_order,UK,,,1630,
10870,1998-02-04 00:00:00+05,,,Wolski  Zajazd,completed_order,Poland,,,160,
10871,1998-02-05 00:00:00+05,,,Bon app',completed_order,France,,,1979.2300071452557,
10872,1998-02-05 00:00:00+05,,,Godos Cocina Típica,completed_order,Spain,,,2058.4599686691163,
10873,1998-02-06 00:00:00+05,,,Wilman Kala,completed_order,Finland,,,336.7999954223633,
10874,1998-02-06 00:00:00+05,,,Godos Cocina Típica,completed_order,Spain,,,310,
10875,1998-02-06 00:00:00+05,,,Berglunds snabbköp,completed_order,Sweden,,,709.5499949343503,
10876,1998-02-09 00:00:00+05,,,Bon app',completed_order,France,,,917,
10877,1998-02-09 00:00:00+05,,,Ricardo Adocicados,completed_order,Brazil,,,1955.1250171661377,
10878,1998-02-10 00:00:00+05,,,QUICK-Stop,completed_order,Germany,,,1538.999998793006,
10879,1998-02-10 00:00:00+05,,,Wilman Kala,completed_order,Finland,,,611.2999877929688,
10880,1998-02-10 00:00:00+05,,,Folk och fä HB,completed_order,Sweden,,,1499.9999944120646,
10881,1998-02-11 00:00:00+05,,,Cactus Comidas para llevar,completed_order,Argentina,,,150,
10882,1998-02-11 00:00:00+05,,,Save-a-lot Markets,completed_order,USA,,,892.6399910068512,
10883,1998-02-12 00:00:00+05,,,Lonesome Pine Restaurant,completed_order,USA,,,36,
10884,1998-02-12 00:00:00+05,,,Let's Stop N Shop,completed_order,USA,,,1378.069990221709,
10885,1998-02-12 00:00:00+05,,,Suprêmes délices,completed_order,Belgium,,,1209,
10886,1998-02-13 00:00:00+05,,,Hanari Carnes,completed_order,Brazil,,,3127.5,
10887,1998-02-13 00:00:00+05,,,Galería del gastrónomo,completed_order,Spain,,,70,
10888,1998-02-16 00:00:00+05,,,Godos Cocina Típica,completed_order,Spain,,,605,
10248,1996-07-04 00:00:00+05,,,Vins et alcools Chevalier,completed_order,France,,,439.99999809265137,
10249,1996-07-05 00:00:00+05,,,Toms Spezialitäten,completed_order,Germany,,,1863.4000644683838,
10251,1996-07-08 00:00:00+05,,,Victuailles en stock,completed_order,France,,,654.0599855789542,
10252,1996-07-09 00:00:00+05,,,Suprêmes délices,completed_order,Belgium,,,3597.9001445159315,
10253,1996-07-10 00:00:00+05,,,Hanari Carnes,completed_order,Brazil,,,1444.7999839782715,
10250,1996-07-08 00:00:00+05,,,Hanari Carnes,completed_order,Brazil,,,1552.600023412704,
11057,1998-04-29 00:00:00+05,,,North/South,completed_order,UK,,,45,
10889,1998-02-16 00:00:00+05,,,Rattlesnake Canyon Grocery,completed_order,USA,,,11380,
10890,1998-02-16 00:00:00+05,,,Du monde entier,completed_order,France,,,860.0999946594238,
10891,1998-02-17 00:00:00+05,,,Lehmanns Marktstand,completed_order,Germany,,,368.93249101314694,
10892,1998-02-17 00:00:00+05,,,Maison Dewey,completed_order,Belgium,,,2089.9999983608723,
10893,1998-02-18 00:00:00+05,,,Königlich Essen,completed_order,Germany,,,5502.110000610352,
10894,1998-02-18 00:00:00+05,,,Save-a-lot Markets,completed_order,USA,,,2753.0999978408217,
10895,1998-02-18 00:00:00+05,,,Ernst Handel,completed_order,Austria,,,6379.399965286255,
10896,1998-02-19 00:00:00+05,,,Maison Dewey,completed_order,Belgium,,,750.5,
10897,1998-02-19 00:00:00+05,,,Hungry Owl All-Night Grocers,completed_order,Ireland,,,10835.240051269531,
10898,1998-02-20 00:00:00+05,,,Océano Atlántico Ltda.,completed_order,Argentina,,,30,
10899,1998-02-20 00:00:00+05,,,LILA-Supermercado,completed_order,Venezuela,,,122.39999914169312,
10900,1998-02-20 00:00:00+05,,,Wellington Importadora,completed_order,Brazil,,,33.75,
10901,1998-02-23 00:00:00+05,,,HILARION-Abastos,completed_order,Venezuela,,,934.4999885559082,
10902,1998-02-23 00:00:00+05,,,Folk och fä HB,completed_order,Sweden,,,863.429990054369,
10903,1998-02-24 00:00:00+05,,,Hanari Carnes,completed_order,Brazil,,,932.0499839782715,
10904,1998-02-24 00:00:00+05,,,White Clover Markets,completed_order,USA,,,1924.2499732971191,
10905,1998-02-24 00:00:00+05,,,Wellington Importadora,completed_order,Brazil,,,341.9999997317791,
10906,1998-02-25 00:00:00+05,,,Wolski  Zajazd,completed_order,Poland,,,427.5,
10907,1998-02-25 00:00:00+05,,,Spécialités du monde,completed_order,France,,,108.5,
10908,1998-02-26 00:00:00+05,,,Reggiani Caseifici,completed_order,Italy,,,663.0999994799495,
10909,1998-02-26 00:00:00+05,,,Santé Gourmet,completed_order,Norway,,,670.0000095367432,
10910,1998-02-26 00:00:00+05,,,Wilman Kala,completed_order,Finland,,,452.89999771118164,
10911,1998-02-26 00:00:00+05,,,Godos Cocina Típica,completed_order,Spain,,,858,
10912,1998-02-26 00:00:00+05,,,Hungry Owl All-Night Grocers,completed_order,Ireland,,,6200.5500411987305,
10913,1998-02-26 00:00:00+05,,,Queen Cozinha,completed_order,Brazil,,,768.75,
10914,1998-02-27 00:00:00+05,,,Queen Cozinha,completed_order,Brazil,,,537.5,
10915,1998-02-27 00:00:00+05,,,Tortuga Restaurante,completed_order,Mexico,,,539.4999980926514,
10916,1998-02-27 00:00:00+05,,,Rancho grande,completed_order,Argentina,,,686.7000045776367,
10917,1998-03-02 00:00:00+05,,,Romero y tomillo,completed_order,Spain,,,365.88999938964844,
10918,1998-03-02 00:00:00+05,,,Bottom-Dollar Markets,completed_order,Canada,,,1447.5,
10919,1998-03-02 00:00:00+05,,,LINO-Delicateses,completed_order,Venezuela,,,1122.8000106811523,
10920,1998-03-03 00:00:00+05,,,Around the Horn,completed_order,UK,,,390,
10921,1998-03-03 00:00:00+05,,,Vaffeljernet,completed_order,Denmark,,,1936.0000610351562,
10922,1998-03-03 00:00:00+05,,,Hanari Carnes,completed_order,Brazil,,,742.5,
10923,1998-03-03 00:00:00+05,,,La maison d'Asie,completed_order,France,,,748.7999972105026,
10924,1998-03-04 00:00:00+05,,,Berglunds snabbköp,completed_order,Sweden,,,1835.6999558389189,
10925,1998-03-04 00:00:00+05,,,Hanari Carnes,completed_order,Brazil,,,475.14999666810036,
10926,1998-03-04 00:00:00+05,,,Ana Trujillo Emparedados y helados,completed_order,Mexico,,,514.3999910354614,
10927,1998-03-05 00:00:00+05,,,La corne d'abondance,completed_order,France,,,800,
10928,1998-03-05 00:00:00+05,,,Galería del gastrónomo,completed_order,Spain,,,137.5,
10929,1998-03-05 00:00:00+05,,,Frankenversand,completed_order,Germany,,,1174.75,
10930,1998-03-06 00:00:00+05,,,Suprêmes délices,completed_order,Belgium,,,2255.500035174191,
10931,1998-03-06 00:00:00+05,,,Richter Supermarkt,completed_order,Switzerland,,,799.199998497963,
10932,1998-03-06 00:00:00+05,,,Bon app',completed_order,France,,,1788.629996739775,
10933,1998-03-06 00:00:00+05,,,Island Trading,completed_order,UK,,,920.5999984741211,
10934,1998-03-09 00:00:00+05,,,Lehmanns Marktstand,completed_order,Germany,,,500,
10935,1998-03-09 00:00:00+05,,,Wellington Importadora,completed_order,Brazil,,,619.5,
10936,1998-03-09 00:00:00+05,,,Great Lakes Food Market,completed_order,USA,,,455.9999983012676,
10937,1998-03-10 00:00:00+05,,,Cactus Comidas para llevar,completed_order,Argentina,,,644.7999877929688,
10938,1998-03-10 00:00:00+05,,,QUICK-Stop,completed_order,Germany,,,2731.875,
10939,1998-03-10 00:00:00+05,,,Magazzini Alimentari Riuniti,completed_order,Italy,,,637.4999955296516,
10940,1998-03-11 00:00:00+05,,,Bon app',completed_order,France,,,360,
10941,1998-03-11 00:00:00+05,,,Save-a-lot Markets,completed_order,USA,,,4011.7499446868896,
10942,1998-03-11 00:00:00+05,,,Reggiani Caseifici,completed_order,Italy,,,560,
10943,1998-03-11 00:00:00+05,,,B's Beverages,completed_order,UK,,,711,
10944,1998-03-12 00:00:00+05,,,Bottom-Dollar Markets,completed_order,Canada,,,1025.3250102996826,
10945,1998-03-12 00:00:00+05,,,Morgenstern Gesundkost,completed_order,Germany,,,245,
10946,1998-03-12 00:00:00+05,,,Vaffeljernet,completed_order,Denmark,,,1407.5,
10947,1998-03-13 00:00:00+05,,,B's Beverages,completed_order,UK,,,220,
10948,1998-03-13 00:00:00+05,,,Godos Cocina Típica,completed_order,Spain,,,2362.25,
10949,1998-03-13 00:00:00+05,,,Bottom-Dollar Markets,completed_order,Canada,,,4421.999954223633,
10950,1998-03-16 00:00:00+05,,,Magazzini Alimentari Riuniti,completed_order,Italy,,,110,
10951,1998-03-16 00:00:00+05,,,Richter Supermarkt,completed_order,Switzerland,,,458.75499746583404,
10952,1998-03-16 00:00:00+05,,,Alfreds Futterkiste,completed_order,Germany,,,471.19999665021896,
10974,1998-03-25 00:00:00+05,,,Split Rail Beer & Ale,completed_order,USA,,,439.00001525878906,
10975,1998-03-25 00:00:00+05,,,Bottom-Dollar Markets,completed_order,Canada,,,717.5,
10976,1998-03-25 00:00:00+05,,,HILARION-Abastos,completed_order,Venezuela,,,911.9999694824219,
10977,1998-03-26 00:00:00+05,,,Folk och fä HB,completed_order,Sweden,,,2233.000030517578,
10978,1998-03-26 00:00:00+05,,,Maison Dewey,completed_order,Belgium,,,1303.1949922281503,
10979,1998-03-26 00:00:00+05,,,Ernst Handel,completed_order,Austria,,,4813.500099182129,
10980,1998-03-27 00:00:00+05,,,Folk och fä HB,completed_order,Sweden,,,247.999999076128,
10254,1996-07-11 00:00:00+05,,,Chop-suey Chinese,completed_order,Switzerland,,,556.62000967741,
10255,1996-07-12 00:00:00+05,,,Richter Supermarkt,completed_order,Switzerland,,,2490.4999780654907,
10256,1996-07-15 00:00:00+05,,,Wellington Importadora,completed_order,Brazil,,,517.8000068664551,
10257,1996-07-16 00:00:00+05,,,HILARION-Abastos,completed_order,Venezuela,,,1119.899953842163,
10258,1996-07-17 00:00:00+05,,,Ernst Handel,completed_order,Austria,,,1614.8799881857633,
10259,1996-07-18 00:00:00+05,,,Centro comercial Moctezuma,completed_order,Mexico,,,100.79999923706055,
10260,1996-07-19 00:00:00+05,,,Ottilies Käseladen,completed_order,Germany,,,1504.6500339508057,
10261,1996-07-19 00:00:00+05,,,Que Delícia,completed_order,Brazil,,,447.99999237060547,
10262,1996-07-22 00:00:00+05,,,Rattlesnake Canyon Grocery,completed_order,USA,,,583.9999986290932,
10263,1996-07-23 00:00:00+05,,,Ernst Handel,completed_order,Austria,,,1873.8000144958496,
10264,1996-07-24 00:00:00+05,,,Folk och fä HB,completed_order,Sweden,,,695.6249881237745,
10265,1996-07-25 00:00:00+05,,,Blondesddsl père et fils,completed_order,France,,,1176.0000228881836,
10266,1996-07-26 00:00:00+05,,,Wartian Herkku,completed_order,Finland,,,346.55999537944797,
10267,1996-07-29 00:00:00+05,,,Frankenversand,completed_order,Germany,,,3536.599965953827,
10268,1996-07-30 00:00:00+05,,,GROSELLA-Restaurante,completed_order,Venezuela,,,1101.1999969482422,
10269,1996-07-31 00:00:00+05,,,White Clover Markets,completed_order,USA,,,642.1999850004911,
10270,1996-08-01 00:00:00+05,,,Wartian Herkku,completed_order,Finland,,,1375.9999752044678,
10271,1996-08-01 00:00:00+05,,,Split Rail Beer & Ale,completed_order,USA,,,48,
10272,1996-08-02 00:00:00+05,,,Rattlesnake Canyon Grocery,completed_order,USA,,,1456,
10273,1996-08-05 00:00:00+05,,,QUICK-Stop,completed_order,Germany,,,2037.2799582076073,
10274,1996-08-06 00:00:00+05,,,Vins et alcools Chevalier,completed_order,France,,,538.6000099182129,
10275,1996-08-07 00:00:00+05,,,Magazzini Alimentari Riuniti,completed_order,Italy,,,291.8399986839294,
10276,1996-08-08 00:00:00+05,,,Tortuga Restaurante,completed_order,Mexico,,,419.99999046325684,
10277,1996-08-09 00:00:00+05,,,Morgenstern Gesundkost,completed_order,Germany,,,1200.800048828125,
10278,1996-08-12 00:00:00+05,,,Berglunds snabbköp,completed_order,Sweden,,,1488.7999877929688,
10981,1998-03-27 00:00:00+05,,,Hanari Carnes,completed_order,Brazil,,,15810,
10982,1998-03-27 00:00:00+05,,,Bottom-Dollar Markets,completed_order,Canada,,,1014,
10983,1998-03-27 00:00:00+05,,,Save-a-lot Markets,completed_order,USA,,,720.8999969959259,
10984,1998-03-30 00:00:00+05,,,Save-a-lot Markets,completed_order,USA,,,1809.75004196167,
10985,1998-03-30 00:00:00+05,,,Hungry Owl All-Night Grocers,completed_order,Ireland,,,2023.3800213691593,
10986,1998-03-30 00:00:00+05,,,Océano Atlántico Ltda.,completed_order,Argentina,,,2220,
10987,1998-03-31 00:00:00+05,,,Eastern Connection,completed_order,UK,,,2771.999984741211,
10988,1998-03-31 00:00:00+05,,,Rattlesnake Canyon Grocery,completed_order,USA,,,3574.7999695956705,
10989,1998-03-31 00:00:00+05,,,Que Delícia,completed_order,Brazil,,,1353.599998474121,
10990,1998-04-01 00:00:00+05,,,Ernst Handel,completed_order,Austria,,,4288.849974483252,
10991,1998-04-01 00:00:00+05,,,QUICK-Stop,completed_order,Germany,,,2295.9999914467335,
10992,1998-04-01 00:00:00+05,,,The Big Cheese,completed_order,USA,,,69.5999984741211,
10993,1998-04-01 00:00:00+05,,,Folk och fä HB,completed_order,Sweden,,,4895.437524318695,
10994,1998-04-02 00:00:00+05,,,Vaffeljernet,completed_order,Denmark,,,940.4999992623925,
10995,1998-04-02 00:00:00+05,,,Pericles Comidas clásicas,completed_order,Mexico,,,1196,
10996,1998-04-02 00:00:00+05,,,QUICK-Stop,completed_order,Germany,,,560,
10997,1998-04-03 00:00:00+05,,,LILA-Supermercado,completed_order,Venezuela,,,1885,
10998,1998-04-03 00:00:00+05,,,Wolski  Zajazd,completed_order,Poland,,,686,
10999,1998-04-03 00:00:00+05,,,Ottilies Käseladen,completed_order,Germany,,,1197.949991812557,
11000,1998-04-06 00:00:00+05,,,Rattlesnake Canyon Grocery,completed_order,USA,,,903.75,
11001,1998-04-06 00:00:00+05,,,Folk och fä HB,completed_order,Sweden,,,2769,
11002,1998-04-06 00:00:00+05,,,Save-a-lot Markets,completed_order,USA,,,1811.0999963879585,
11003,1998-04-06 00:00:00+05,,,The Cracker Box,completed_order,USA,,,325.99999618530273,
11004,1998-04-07 00:00:00+05,,,Maison Dewey,completed_order,Belgium,,,295.37999725341797,
11005,1998-04-07 00:00:00+05,,,Wilman Kala,completed_order,Finland,,,586,
11006,1998-04-07 00:00:00+05,,,Great Lakes Food Market,completed_order,USA,,,329.685001373291,
11007,1998-04-08 00:00:00+05,,,Princesa Isabel Vinhos,completed_order,Portugal,,,2633.9000091552734,
11008,1998-04-08 00:00:00+05,,,Ernst Handel,completed_order,Austria,,,4680.899895212055,
11009,1998-04-08 00:00:00+05,,,Godos Cocina Típica,completed_order,Spain,,,616.5,
11010,1998-04-09 00:00:00+05,,,Reggiani Caseifici,completed_order,Italy,,,645,
11011,1998-04-09 00:00:00+05,,,Alfreds Futterkiste,completed_order,Germany,,,933.4999996051192,
11012,1998-04-09 00:00:00+05,,,Frankenversand,completed_order,Germany,,,2825.2999887242913,
11013,1998-04-09 00:00:00+05,,,Romero y tomillo,completed_order,Spain,,,361,
11014,1998-04-10 00:00:00+05,,,LINO-Delicateses,completed_order,Venezuela,,,243.17998998433353,
11015,1998-04-10 00:00:00+05,,,Santé Gourmet,completed_order,Norway,,,622.3499908447266,
11016,1998-04-10 00:00:00+05,,,Around the Horn,completed_order,UK,,,491.5,
11017,1998-04-13 00:00:00+05,,,Ernst Handel,completed_order,Austria,,,6750,
11018,1998-04-13 00:00:00+05,,,Lonesome Pine Restaurant,completed_order,USA,,,1575,
11019,1998-04-13 00:00:00+05,,,Rancho grande,completed_order,Argentina,,,76,
11020,1998-04-14 00:00:00+05,,,Ottilies Käseladen,completed_order,Germany,,,632.3999955654144,
11021,1998-04-14 00:00:00+05,,,QUICK-Stop,completed_order,Germany,,,6306.239944458008,
11023,1998-04-14 00:00:00+05,,,B's Beverages,completed_order,UK,,,1500,
11024,1998-04-15 00:00:00+05,,,Eastern Connection,completed_order,UK,,,1966.8099784851074,
11025,1998-04-15 00:00:00+05,,,Wartian Herkku,completed_order,Finland,,,269.99999955296516,
11026,1998-04-15 00:00:00+05,,,Franchi S.p.A.,completed_order,Italy,,,1030,
11027,1998-04-16 00:00:00+05,,,Bottom-Dollar Markets,completed_order,Canada,,,877.7249879837036,
11028,1998-04-16 00:00:00+05,,,Königlich Essen,completed_order,Germany,,,2160,
11029,1998-04-16 00:00:00+05,,,Chop-suey Chinese,completed_order,Switzerland,,,1286.8000183105469,
11030,1998-04-17 00:00:00+05,,,Save-a-lot Markets,completed_order,USA,,,12615.050067901611,
11031,1998-04-17 00:00:00+05,,,Save-a-lot Markets,completed_order,USA,,,2393.5,
11032,1998-04-17 00:00:00+05,,,White Clover Markets,completed_order,USA,,,8902.5,
11033,1998-04-17 00:00:00+05,,,Richter Supermarkt,completed_order,Switzerland,,,3232.7999465823173,
11034,1998-04-20 00:00:00+05,,,Old World Delicatessen,completed_order,USA,,,539.400008931756,
11035,1998-04-20 00:00:00+05,,,Suprêmes délices,completed_order,Belgium,,,1754.4999980926514,
11036,1998-04-20 00:00:00+05,,,Drachenblut Delikatessen,completed_order,Germany,,,1692,
11037,1998-04-21 00:00:00+05,,,Godos Cocina Típica,completed_order,Spain,,,60,
11038,1998-04-21 00:00:00+05,,,Suprêmes délices,completed_order,Belgium,,,732.5999981999397,
11039,1998-04-21 00:00:00+05,,,LINO-Delicateses,completed_order,Venezuela,,,3089.999969482422,
11040,1998-04-22 00:00:00+05,,,Great Lakes Food Market,completed_order,USA,,,200,
11041,1998-04-22 00:00:00+05,,,Chop-suey Chinese,completed_order,Switzerland,,,1773.0000440776348,
11042,1998-04-22 00:00:00+05,,,Comércio Mineiro,completed_order,Brazil,,,405.7500114440918,
11043,1998-04-22 00:00:00+05,,,Spécialités du monde,completed_order,France,,,210,
11044,1998-04-23 00:00:00+05,,,Wolski  Zajazd,completed_order,Poland,,,591.5999908447266,
10953,1998-03-16 00:00:00+05,,,Around the Horn,completed_order,UK,,,4441.249996516854,
10954,1998-03-17 00:00:00+05,,,LINO-Delicateses,completed_order,Venezuela,,,1659.5350085192918,
10955,1998-03-17 00:00:00+05,,,Folk och fä HB,completed_order,Sweden,,,74.3999997228384,
10956,1998-03-17 00:00:00+05,,,Blauer See Delikatessen,completed_order,Germany,,,677,
10957,1998-03-18 00:00:00+05,,,HILARION-Abastos,completed_order,Venezuela,,,1762.6999816894531,
10958,1998-03-18 00:00:00+05,,,Océano Atlántico Ltda.,completed_order,Argentina,,,781.0000038146973,
10959,1998-03-18 00:00:00+05,,,Gourmet Lanchonetes,completed_order,Brazil,,,131.749999076128,
10960,1998-03-19 00:00:00+05,,,HILARION-Abastos,completed_order,Venezuela,,,265.34999084472656,
10961,1998-03-19 00:00:00+05,,,Queen Cozinha,completed_order,Brazil,,,1119.8999999687076,
10962,1998-03-19 00:00:00+05,,,QUICK-Stop,completed_order,Germany,,,3583.999984741211,
10963,1998-03-19 00:00:00+05,,,Furia Bacalhau e Frutos do Mar,completed_order,Portugal,,,57.799999594688416,
10964,1998-03-20 00:00:00+05,,,Spécialités du monde,completed_order,France,,,2052.5,
10965,1998-03-20 00:00:00+05,,,Old World Delicatessen,completed_order,USA,,,848,
10966,1998-03-20 00:00:00+05,,,Chop-suey Chinese,completed_order,Switzerland,,,1098.459985973835,
10967,1998-03-23 00:00:00+05,,,Toms Spezialitäten,completed_order,Germany,,,910.3999977111816,
10968,1998-03-23 00:00:00+05,,,Ernst Handel,completed_order,Austria,,,1408,
10969,1998-03-23 00:00:00+05,,,Comércio Mineiro,completed_order,Brazil,,,108,
10970,1998-03-24 00:00:00+05,,,Bólido Comidas preparadas,completed_order,Spain,,,223.99999916553497,
10971,1998-03-24 00:00:00+05,,,France restauration,completed_order,France,,,1733.0600128173828,
10972,1998-03-24 00:00:00+05,,,La corne d'abondance,completed_order,France,,,251.5,
10973,1998-03-24 00:00:00+05,,,La corne d'abondance,completed_order,France,,,291.5499954223633,
11045,1998-04-23 00:00:00+05,,,Bottom-Dollar Markets,completed_order,Canada,,,1309.5,
11046,1998-04-23 00:00:00+05,,,Die Wandernde Kuh,completed_order,Germany,,,1485.7999988347292,
11047,1998-04-24 00:00:00+05,,,Eastern Connection,completed_order,UK,,,817.8750085830688,
11048,1998-04-24 00:00:00+05,,,Bottom-Dollar Markets,completed_order,Canada,,,525,
11049,1998-04-24 00:00:00+05,,,Gourmet Lanchonetes,completed_order,Brazil,,,273.5999989807606,
11050,1998-04-27 00:00:00+05,,,Folk och fä HB,completed_order,Sweden,,,809.9999986588955,
11051,1998-04-27 00:00:00+05,,,La maison d'Asie,completed_order,France,,,35.99999986588955,
11052,1998-04-27 00:00:00+05,,,Hanari Carnes,completed_order,Brazil,,,1331.9999950379133,
11053,1998-04-27 00:00:00+05,,,Piccolo und mehr,completed_order,Austria,,,3054.999991003424,
11054,1998-04-28 00:00:00+05,,,Cactus Comidas para llevar,completed_order,Argentina,,,305,
11055,1998-04-28 00:00:00+05,,,HILARION-Abastos,completed_order,Venezuela,,,1727.5,
11056,1998-04-28 00:00:00+05,,,Eastern Connection,completed_order,UK,,,3740,
11058,1998-04-29 00:00:00+05,,,Blauer See Delikatessen,completed_order,Germany,,,858,
11059,1998-04-29 00:00:00+05,,,Ricardo Adocicados,completed_order,Brazil,,,1838,
11060,1998-04-30 00:00:00+05,,,Franchi S.p.A.,completed_order,Italy,,,266,
11061,1998-04-30 00:00:00+05,,,Great Lakes Food Market,completed_order,USA,,,510,
11062,1998-04-30 00:00:00+05,,,Reggiani Caseifici,completed_order,Italy,,,406.3999923825264,
11063,1998-04-30 00:00:00+05,,,Hungry Owl All-Night Grocers,completed_order,Ireland,,,1342.949974439293,
11064,1998-05-01 00:00:00+05,,,Save-a-lot Markets,completed_order,USA,,,4330.3999724164605,
11065,1998-05-01 00:00:00+05,,,LILA-Supermercado,completed_order,Venezuela,,,189.41999530792236,
11066,1998-05-01 00:00:00+05,,,White Clover Markets,completed_order,USA,,,928.7499942779541,
11067,1998-05-04 00:00:00+05,,,Drachenblut Delikatessen,completed_order,Germany,,,86.84999656677246,
11068,1998-05-04 00:00:00+05,,,Queen Cozinha,completed_order,Brazil,,,2027.0799754095078,
11069,1998-05-04 00:00:00+05,,,Tortuga Restaurante,completed_order,Mexico,,,360,
11070,1998-05-05 00:00:00+05,,,Lehmanns Marktstand,completed_order,Germany,,,1629.9750097781418,
11071,1998-05-05 00:00:00+05,,,LILA-Supermercado,completed_order,Venezuela,,,484.4999996200204,
11072,1998-05-05 00:00:00+05,,,Ernst Handel,completed_order,Austria,,,5217.999984741211,
11073,1998-05-05 00:00:00+05,,,Pericles Comidas clásicas,completed_order,Mexico,,,300,
11074,1998-05-06 00:00:00+05,,,Simons bistro,completed_order,Denmark,,,232.08500996507703,
11075,1998-05-06 00:00:00+05,,,Richter Supermarkt,completed_order,Switzerland,,,498.0999965071678,
11076,1998-05-06 00:00:00+05,,,Bon app',completed_order,France,,,792.7499985694885,
11077,1996-08-14 00:00:00+05,,,Lehmanns Marktstand,email,Germany,,,,
11078,1996-08-20 00:00:00+05,,,Lehmanns Marktstand,email,Germany,,,,
11079,1996-08-21 00:00:00+05,,,Lehmanns Marktstand,email,Germany,,,,
11080,1996-10-21 00:00:00+05,,,Lehmanns Marktstand,email,Germany,,,,
11081,1996-08-11 00:00:00+05,,,Berglunds snabbköp,email,Germany,,,,
11082,1996-12-15 00:00:00+05,,,Berglunds snabbköp,email,Germany,,,,
11083,1997-02-10 00:00:00+05,,,Berglunds snabbköp,email,Germany,,,,
11084,1998-03-02 00:00:00+05,,,Berglunds snabbköp,email,Germany,,,,
11085,1998-04-07 00:00:00+05,,,Berglunds snabbköp,email,Germany,,,,
11086,1998-03-01 00:00:00+05,,,Berglunds snabbköp,viewed_page,Sweden,,,,
10837,1996-12-14 00:00:00+05,,,viewed_page,Sweden,,,,,
11087,1998-02-07 00:00:00+05,,,Berglunds snabbköp,viewed_page,Sweden,,,,
11088,1996-08-18 00:00:00+05,,,Lehmanns Marktstand,viewed_page,Germany,,,,
11089,1996-08-12 00:00:00+05,,,Lehmanns Marktstand,completed_order,Germany,,,,
11090,1996-11-01 00:00:00+05,,,Lehmanns Marktstand,viewed_page,Germany,,,,
11091,1996-11-02 00:00:00+05,,,Lehmanns Marktstand,email,Germany,,,,
